generation,average,median,best
0.0,0.14937142857142857,0.07523809523809524,0.6923809523809524
1.0,0.29296190476190476,0.28785714285714287,0.7395238095238095
2.0,0.43783809523809514,0.45999999999999996,0.8614285714285715
3.0,0.5627047619047619,0.5711904761904762,0.8919047619047619
4.0,0.6837333333333335,0.7004761904761905,0.9219047619047619
5.0,0.7317428571428571,0.8076190476190476,0.9519047619047619
6.0,0.7684000000000001,0.8147619047619048,0.96
7.0,0.8742380952380953,0.8895238095238095,0.9561904761904761
8.0,0.8827619047619046,0.9104761904761904,0.9714285714285714
9.0,0.9091619047619048,0.9130952380952382,0.9619047619047619
10.0,0.9173809523809524,0.9207142857142857,0.9623809523809523
11.0,0.924342857142857,0.9333333333333333,0.978095238095238
12.0,0.932142857142857,0.9366666666666665,0.9785714285714286
13.0,0.9358857142857143,0.9480952380952381,0.9766666666666666
14.0,0.9379047619047618,0.9388095238095238,0.98
15.0,0.9444380952380953,0.9492857142857143,0.9766666666666667
16.0,0.9401714285714284,0.9492857142857143,0.9733333333333333
17.0,0.9524095238095238,0.958095238095238,0.9833333333333334
18.0,0.9530857142857143,0.9561904761904763,0.9795238095238096
19.0,0.954847619047619,0.9566666666666668,0.9842857142857143
20.0,0.9575047619047617,0.9602380952380951,0.9842857142857143
21.0,0.9575714285714285,0.9588095238095238,0.9828571428571428
22.0,0.9558476190476191,0.9604761904761905,0.98
23.0,0.9566666666666666,0.9602380952380953,0.9871428571428572
24.0,0.9592190476190475,0.9616666666666667,0.9876190476190475
25.0,0.9507714285714286,0.9614285714285715,0.9838095238095238
26.0,0.9656095238095239,0.9664285714285714,0.9842857142857143
27.0,0.9555523809523809,0.960952380952381,0.9880952380952381
28.0,0.9572095238095238,0.962857142857143,0.981904761904762
29.0,0.9499714285714286,0.9607142857142857,0.9842857142857143
30.0,0.9587333333333333,0.9604761904761906,0.981904761904762
31.0,0.9557523809523809,0.959047619047619,0.9866666666666667
32.0,0.9609333333333335,0.9628571428571429,0.9871428571428571
33.0,0.9555714285714286,0.96,0.9785714285714286
34.0,0.9460666666666665,0.961904761904762,0.9823809523809524
35.0,0.9369428571428571,0.9630952380952382,0.9842857142857143
36.0,0.9623714285714284,0.9654761904761905,0.9814285714285714
37.0,0.9531238095238095,0.968095238095238,0.9842857142857143
38.0,0.9608285714285715,0.9657142857142857,0.9804761904761904
39.0,0.9593904761904761,0.9611904761904762,0.9852380952380951
40.0,0.9429714285714286,0.9645238095238096,0.9871428571428571
41.0,0.9601904761904764,0.9611904761904762,0.9828571428571428
42.0,0.9494190476190476,0.9626190476190477,0.9814285714285713
43.0,0.9505142857142858,0.9669047619047619,0.980952380952381
44.0,0.9340095238095238,0.960952380952381,0.9876190476190475
45.0,0.9545523809523808,0.9704761904761905,0.9857142857142858
46.0,0.9588000000000001,0.9645238095238096,0.9828571428571428
47.0,0.9571428571428572,0.9688095238095238,0.9861904761904761
48.0,0.9590666666666665,0.964047619047619,0.9909523809523809
49.0,0.9621619047619047,0.9654761904761904,0.9871428571428572
50.0,0.9472190476190476,0.9619047619047618,0.9861904761904762
51.0,0.9598952380952381,0.9638095238095238,0.9871428571428571
52.0,0.9626380952380953,0.964047619047619,0.9852380952380954
53.0,0.9588476190476188,0.9614285714285714,0.9833333333333333
54.0,0.9600095238095236,0.960952380952381,0.9828571428571428
55.0,0.9617428571428571,0.9647619047619048,0.9866666666666667
56.0,0.959304761904762,0.9638095238095239,0.9847619047619047
57.0,0.9632761904761904,0.9654761904761906,0.9871428571428571
58.0,0.9602190476190476,0.9642857142857143,0.9823809523809524
59.0,0.9457333333333334,0.9616666666666667,0.9866666666666667
60.0,0.9409523809523808,0.96,0.9847619047619047
61.0,0.9588571428571427,0.9592857142857143,0.9842857142857143
62.0,0.9575904761904762,0.9585714285714286,0.9795238095238096
63.0,0.9600095238095239,0.9623809523809523,0.978095238095238
64.0,0.9605333333333332,0.963095238095238,0.982857142857143
65.0,0.9492285714285714,0.9669047619047618,0.9838095238095238
66.0,0.9408761904761904,0.9590476190476189,0.9795238095238096
67.0,0.9608285714285714,0.9659523809523809,0.9857142857142858
68.0,0.9588,0.9611904761904762,0.9866666666666667
69.0,0.9646190476190476,0.9647619047619048,0.9899999999999999
70.0,0.9645333333333334,0.9647619047619047,0.9866666666666667
71.0,0.9640285714285715,0.9664285714285714,0.9885714285714285
72.0,0.9611619047619048,0.9647619047619047,0.9866666666666667
73.0,0.961342857142857,0.9642857142857143,0.9857142857142858
74.0,0.9650095238095239,0.9673809523809523,0.9885714285714285
75.0,0.9599809523809523,0.9638095238095238,0.9933333333333333
76.0,0.9679238095238094,0.970952380952381,0.9885714285714285
77.0,0.9660571428571428,0.9680952380952381,0.9885714285714285
78.0,0.9654000000000003,0.9683333333333335,0.9914285714285714
79.0,0.9502095238095238,0.9678571428571429,0.9890476190476191
80.0,0.956847619047619,0.9645238095238096,0.9909523809523809
81.0,0.965647619047619,0.9680952380952381,0.9914285714285714
82.0,0.9514190476190477,0.9669047619047619,0.9890476190476191
83.0,0.9526952380952384,0.9680952380952381,0.9880952380952381
84.0,0.9695523809523808,0.9738095238095238,0.9904761904761904
85.0,0.9681619047619047,0.9714285714285714,0.9885714285714285
86.0,0.9690285714285714,0.9714285714285714,0.9904761904761905
87.0,0.9550952380952381,0.9700000000000001,0.9890476190476191
88.0,0.9662476190476191,0.973095238095238,0.9885714285714285
89.0,0.9679809523809524,0.9702380952380951,0.9866666666666667
90.0,0.9657333333333336,0.9688095238095238,0.9895238095238096
91.0,0.9698095238095239,0.9721428571428572,0.9861904761904761
92.0,0.9644095238095235,0.9700000000000001,0.9885714285714285
93.0,0.9554666666666667,0.9671428571428571,0.9928571428571429
94.0,0.9653523809523812,0.9692857142857143,0.9885714285714285
95.0,0.9600857142857143,0.9695238095238095,0.9961904761904762
96.0,0.9510666666666667,0.9702380952380952,0.9904761904761905
97.0,0.9707428571428572,0.9716666666666667,0.9909523809523809
98.0,0.9658952380952379,0.9692857142857143,0.9952380952380953
99.0,0.9507238095238096,0.9666666666666667,0.9899999999999999
100.0,0.9739714285714285,0.9771428571428571,0.9928571428571428
101.0,0.9645714285714285,0.9702380952380952,0.9938095238095238
102.0,0.9737142857142856,0.9747619047619048,0.9909523809523809
103.0,0.9732380952380953,0.9745238095238096,0.9933333333333333
104.0,0.9514952380952382,0.9792857142857143,0.9961904761904762
105.0,0.9734666666666668,0.9742857142857142,0.9966666666666667
106.0,0.9749904761904763,0.9778571428571429,0.9928571428571429
107.0,0.9752380952380952,0.98,0.9914285714285714
108.0,0.9605142857142855,0.9769047619047619,0.9933333333333333
109.0,0.9667523809523808,0.9735714285714285,0.9923809523809525
110.0,0.9728952380952381,0.9769047619047617,0.9919047619047618
111.0,0.976952380952381,0.9797619047619048,0.9923809523809523
112.0,0.9681142857142856,0.9738095238095237,0.9942857142857142
113.0,0.9730857142857142,0.9752380952380952,0.9947619047619046
114.0,0.9638380952380953,0.9735714285714285,0.9904761904761905
115.0,0.9724761904761904,0.9797619047619048,0.9909523809523809
116.0,0.9660666666666667,0.9764285714285714,0.9961904761904762
117.0,0.9722666666666666,0.9761904761904763,0.9928571428571429
118.0,0.9754285714285713,0.979047619047619,0.9923809523809523
119.0,0.970752380952381,0.9776190476190476,0.9942857142857142
120.0,0.9763619047619048,0.980952380952381,0.9933333333333332
121.0,0.9773619047619049,0.9785714285714286,0.9961904761904762
122.0,0.9776571428571427,0.9795238095238095,0.9938095238095238
123.0,0.9744571428571429,0.9795238095238096,0.9904761904761905
124.0,0.9753142857142856,0.9776190476190476,0.9895238095238096
125.0,0.9765999999999999,0.98,0.9909523809523809
126.0,0.9769714285714285,0.977857142857143,0.9923809523809523
127.0,0.9724571428571429,0.9728571428571429,0.9938095238095238
128.0,0.9740666666666665,0.9778571428571428,0.9947619047619046
129.0,0.9725714285714285,0.9776190476190476,0.9952380952380953
130.0,0.9713523809523807,0.9788095238095238,0.9957142857142857
131.0,0.9730095238095238,0.9761904761904763,0.9942857142857143
132.0,0.9611904761904762,0.978095238095238,0.9933333333333333
133.0,0.974247619047619,0.9792857142857143,0.9942857142857142
134.0,0.9756380952380951,0.9783333333333333,0.9923809523809525
135.0,0.9633428571428572,0.9771428571428572,0.9938095238095238
136.0,0.9724857142857144,0.974047619047619,0.9904761904761905
137.0,0.9751238095238094,0.9773809523809525,0.9919047619047618
138.0,0.9754952380952379,0.9773809523809522,0.991904761904762
139.0,0.9783428571428572,0.9797619047619048,0.9933333333333333
140.0,0.9757333333333332,0.9776190476190476,0.9928571428571429
141.0,0.9782285714285713,0.98,0.9914285714285714
142.0,0.9767619047619047,0.9797619047619048,0.9914285714285714
143.0,0.9779714285714286,0.98,0.9928571428571429
144.0,0.9762285714285713,0.9788095238095238,0.9942857142857143
145.0,0.9760666666666669,0.9771428571428572,0.9933333333333333
146.0,0.9721238095238094,0.9776190476190476,0.9933333333333333
147.0,0.9764571428571429,0.9797619047619048,0.9909523809523809
148.0,0.9805047619047619,0.9819047619047618,0.9938095238095238
149.0,0.9748380952380952,0.9759523809523809,0.9928571428571429
150.0,0.9758095238095238,0.9797619047619048,0.9938095238095238
151.0,0.9793619047619048,0.9814285714285715,0.9933333333333333
152.0,0.9794857142857143,0.9816666666666667,0.9928571428571429
153.0,0.9600380952380952,0.9797619047619046,0.9942857142857143
154.0,0.9732761904761905,0.9752380952380952,0.9938095238095238
155.0,0.9794952380952381,0.9821428571428572,0.9938095238095238
156.0,0.9766666666666667,0.9785714285714286,0.9933333333333333
157.0,0.9787047619047619,0.9795238095238096,0.9971428571428572
158.0,0.9779238095238095,0.9792857142857143,0.9961904761904762
159.0,0.9734952380952382,0.9769047619047619,0.9938095238095238
160.0,0.9751047619047619,0.9792857142857143,0.9938095238095238
161.0,0.9791619047619048,0.9802380952380951,0.9933333333333333
162.0,0.977409523809524,0.9797619047619048,0.9942857142857143
163.0,0.9795428571428573,0.9804761904761904,0.9938095238095238
164.0,0.9769333333333333,0.9788095238095238,0.9919047619047618
165.0,0.9712476190476189,0.9759523809523809,0.9923809523809523
166.0,0.9794952380952382,0.98,0.9947619047619048
167.0,0.9592761904761903,0.9773809523809522,0.9914285714285714
168.0,0.9806285714285714,0.981904761904762,0.991904761904762
169.0,0.9785238095238094,0.9807142857142856,0.991904761904762
170.0,0.9794571428571429,0.9804761904761904,0.9957142857142857
171.0,0.9727809523809523,0.9771428571428572,0.9938095238095238
172.0,0.9767714285714287,0.9814285714285715,0.9933333333333333
173.0,0.9762190476190475,0.9776190476190476,0.9899999999999999
174.0,0.9805142857142858,0.9838095238095238,0.9942857142857143
175.0,0.9776571428571428,0.9792857142857143,0.9947619047619046
176.0,0.9766761904761904,0.9776190476190476,0.9961904761904762
177.0,0.9733428571428572,0.9795238095238096,0.9933333333333333
178.0,0.9795047619047618,0.981904761904762,0.9928571428571429
179.0,0.9796476190476191,0.9828571428571428,0.9938095238095238
180.0,0.9790095238095238,0.9828571428571428,0.9947619047619048
181.0,0.9776380952380953,0.9807142857142858,0.9919047619047618
182.0,0.9778,0.9807142857142856,0.991904761904762
183.0,0.9761142857142856,0.9828571428571428,0.9938095238095238
184.0,0.9776190476190476,0.9811904761904762,0.9928571428571429
185.0,0.9809619047619046,0.9826190476190475,0.9947619047619048
186.0,0.9775714285714284,0.9821428571428572,0.9933333333333333
187.0,0.972,0.9788095238095238,0.9957142857142857
188.0,0.9811999999999997,0.9833333333333334,0.9952380952380953
189.0,0.9704761904761904,0.9804761904761904,0.9938095238095238
190.0,0.9797333333333335,0.9816666666666667,0.9985714285714286
191.0,0.9779428571428573,0.9785714285714286,0.9928571428571429
192.0,0.9784571428571428,0.9811904761904762,0.9952380952380953
193.0,0.9805047619047619,0.9828571428571429,0.9957142857142857
194.0,0.9798857142857144,0.9835714285714285,0.9957142857142857
195.0,0.9814285714285715,0.9847619047619047,0.9947619047619048
196.0,0.9808761904761905,0.9838095238095238,0.9957142857142857
197.0,0.9800666666666668,0.9814285714285714,0.998095238095238
198.0,0.9784666666666666,0.98,0.9942857142857143
199.0,0.9814857142857142,0.9833333333333333,0.9928571428571429
200.0,0.980742857142857,0.9833333333333334,0.9942857142857143
